image_name,tags
train_0,road helicopter runway building
train_1,road helicopter runway building
train_2,road helicopter runway building
train_3,road helicopter runway building
train_4,road helicopter runway building
train_5,road helicopter runway building
train_6,road helicopter runway building
train_7,road helicopter runway building
train_8,road helicopter runway building
train_9,road helicopter runway building
train_10,road helicopter runway building
train_11,road helicopter runway building
train_12,road helicopter runway building
train_13,road helicopter runway building
train_14,road helicopter runway building
train_15,road helicopter runway building
train_16,road helicopter runway building
train_17,road helicopter runway building
train_18,road helicopter runway building
train_19,road helicopter runway building
train_20,road helicopter runway building
train_21,road helicopter runway building
train_22,road helicopter runway building
train_23,road helicopter runway building
train_24,road helicopter runway building
train_25,road helicopter runway building
train_26,road helicopter runway building
train_27,road helicopter runway building
train_28,road helicopter runway building
train_29,road helicopter runway building
train_30,road helicopter runway building
train_31,aircraft helicopter runway building
train_32,aircraft helicopter runway building
train_33,aircraft helicopter runway building
train_34,aircraft helicopter runway building
train_35,aircraft helicopter runway building
train_36,aircraft helicopter runway building
train_37,aircraft helicopter runway building
train_38,aircraft helicopter runway building
train_39,aircraft helicopter runway building
train_40,aircraft helicopter runway building
train_41,aircraft helicopter runway building
train_42,aircraft helicopter runway building
train_43,aircraft helicopter runway building
train_44,aircraft helicopter runway building
train_45,aircraft helicopter runway building
train_46,aircraft helicopter runway building
train_47,aircraft helicopter runway building
train_48,aircraft helicopter runway building
train_49,aircraft helicopter runway building
train_50,aircraft helicopter runway building
train_51,aircraft helicopter runway building
train_52,aircraft helicopter runway building
train_53,aircraft helicopter runway building
train_54,aircraft helicopter runway building
train_55,aircraft helicopter runway building
train_56,aircraft helicopter runway building
train_57,aircraft helicopter runway building
train_58,aircraft helicopter runway building
train_59,aircraft helicopter runway building
train_60,aircraft helicopter runway building
train_61,aircraft helicopter runway building
train_62,aircraft helicopter runway building
train_63,aircraft helicopter runway building
train_64,aircraft helicopter runway building
train_65,aircraft helicopter runway building
train_66,aircraft helicopter runway building
train_67,aircraft helicopter runway building
train_68,aircraft helicopter runway building
train_69,aircraft helicopter runway building
train_70,aircraft helicopter runway building
train_71,aircraft helicopter runway building
train_72,aircraft helicopter runway building
train_73,aircraft helicopter runway building
train_74,aircraft helicopter runway building
train_75,aircraft helicopter runway building
train_76,aircraft helicopter runway building
train_77,aircraft helicopter runway building
train_78,aircraft helicopter runway building
train_79,aircraft helicopter runway building
train_80,aircraft helicopter runway building
train_81,aircraft helicopter runway building
train_82,aircraft helicopter runway building
train_83,aircraft helicopter runway building
train_84,aircraft helicopter runway building
train_85,aircraft helicopter runway building
train_86,aircraft helicopter runway building
train_87,aircraft helicopter runway building
train_88,aircraft helicopter runway building
train_89,aircraft helicopter runway building
train_90,aircraft helicopter runway building
train_91,aircraft helicopter runway building
train_92,aircraft helicopter runway building
train_93,ship sea
train_94,ship sea
train_95,ship sea
train_96,ship sea
train_97,ship sea
train_98,ship sea
train_99,ship sea
train_100,ship sea
train_101,ship sea
train_102,ship sea
train_103,ship sea
train_104,ship sea
train_105,ship sea
train_106,ship sea
train_107,ship sea
train_108,ship sea
train_109,ship sea
train_110,ship sea
train_111,ship sea
train_112,ship sea
train_113,ship sea
train_114,ship sea
train_115,ship sea
train_116,ship sea
train_117,ship sea
train_118,ship sea
train_119,ship sea
train_120,ship sea
train_121,ship sea
train_122,ship sea
train_123,ship sea
train_124,helicopter runway building
train_125,helicopter runway building
train_126,helicopter runway building
train_127,helicopter runway building
train_128,helicopter runway building
train_129,helicopter runway building
train_130,helicopter runway building
train_131,helicopter runway building
train_132,helicopter runway building
train_133,helicopter runway building
train_134,helicopter runway building
train_135,helicopter runway building
train_136,helicopter runway building
train_137,helicopter runway building
train_138,helicopter runway building
train_139,helicopter runway building
train_140,helicopter runway building
train_141,helicopter runway building
train_142,helicopter runway building
train_143,helicopter runway building
train_144,helicopter runway building
train_145,helicopter runway building
train_146,helicopter runway building
train_147,helicopter runway building
train_148,helicopter runway building
train_149,helicopter runway building
train_150,helicopter runway building
train_151,helicopter runway building
train_152,helicopter runway building
train_153,helicopter runway building
train_154,helicopter runway building
train_155,karanchi ship building
train_156,karanchi ship building
train_157,karanchi ship building
train_158,karanchi ship building
train_159,karanchi ship building
train_160,karanchi ship building
train_161,karanchi ship building
train_162,karanchi ship building
train_163,karanchi ship building
train_164,karanchi ship building
train_165,karanchi ship building
train_166,karanchi ship building
train_167,karanchi ship building
train_168,karanchi ship building
train_169,karanchi ship building
train_170,karanchi ship building
train_171,karanchi ship building
train_172,karanchi ship building
train_173,karanchi ship building
train_174,karanchi ship building
train_175,karanchi ship building
train_176,karanchi ship building
train_177,karanchi ship building
train_178,karanchi ship building
train_179,karanchi ship building
train_180,karanchi ship building
train_181,karanchi ship building
train_182,karanchi ship building
train_183,karanchi ship building
train_184,karanchi ship building
train_185,karanchi ship building
train_186,helicopter aircraft runway building
train_187,helicopter aircraft runway building
train_188,helicopter aircraft runway building
train_189,helicopter aircraft runway building
train_190,helicopter aircraft runway building
train_191,helicopter aircraft runway building
train_192,helicopter aircraft runway building
train_193,helicopter aircraft runway building
train_194,helicopter aircraft runway building
train_195,helicopter aircraft runway building
train_196,helicopter aircraft runway building
train_197,helicopter aircraft runway building
train_198,helicopter aircraft runway building
train_199,helicopter aircraft runway building
train_200,helicopter aircraft runway building
train_201,helicopter aircraft runway building
train_202,helicopter aircraft runway building
train_203,helicopter aircraft runway building
train_204,helicopter aircraft runway building
train_205,helicopter aircraft runway building
train_206,helicopter aircraft runway building
train_207,helicopter aircraft runway building
train_208,helicopter aircraft runway building
train_209,helicopter aircraft runway building
train_210,helicopter aircraft runway building
train_211,helicopter aircraft runway building
train_212,helicopter aircraft runway building
train_213,helicopter aircraft runway building
train_214,helicopter aircraft runway building
train_215,helicopter aircraft runway building
train_216,helicopter aircraft runway building
train_217,helicopter runway building
train_218,helicopter runway building
train_219,helicopter runway building
train_220,helicopter runway building
train_221,helicopter runway building
train_222,helicopter runway building
train_223,helicopter runway building
train_224,helicopter runway building
train_225,helicopter runway building
train_226,helicopter runway building
train_227,helicopter runway building
train_228,helicopter runway building
train_229,helicopter runway building
train_230,helicopter runway building
train_231,helicopter runway building
train_232,helicopter runway building
train_233,helicopter runway building
train_234,helicopter runway building
train_235,helicopter runway building
train_236,helicopter runway building
train_237,helicopter runway building
train_238,helicopter runway building
train_239,helicopter runway building
train_240,helicopter runway building
train_241,helicopter runway building
train_242,helicopter runway building
train_243,helicopter runway building
train_244,helicopter runway building
train_245,helicopter runway building
train_246,helicopter runway building
train_247,helicopter runway building
train_248,building
train_249,building
train_250,building
train_251,building
train_252,building
train_253,building
train_254,building
train_255,building
train_256,building
train_257,building
train_258,building
train_259,building
train_260,building
train_261,building
train_262,building
train_263,building
train_264,building
train_265,building
train_266,building
train_267,building
train_268,building
train_269,building
train_270,building
train_271,building
train_272,building
train_273,building
train_274,building
train_275,building
train_276,building
train_277,building
train_278,building
train_279,building
train_280,building
train_281,building
train_282,building
train_283,building
train_284,building
train_285,building
train_286,building
train_287,building
train_288,building
train_289,building
train_290,building
train_291,building
train_292,building
train_293,building
train_294,building
train_295,building
train_296,building
train_297,building
train_298,building
train_299,building
train_300,building
train_301,building
train_302,building
train_303,building
train_304,building
train_305,building
train_306,building
train_307,building
train_308,building
train_309,building
train_310,aircraft runway building
train_311,aircraft runway building
train_312,aircraft runway building
train_313,aircraft runway building
train_314,aircraft runway building
train_315,aircraft runway building
train_316,aircraft runway building
train_317,aircraft runway building
train_318,aircraft runway building
train_319,aircraft runway building
train_320,aircraft runway building
train_321,aircraft runway building
train_322,aircraft runway building
train_323,aircraft runway building
train_324,aircraft runway building
train_325,aircraft runway building
train_326,aircraft runway building
train_327,aircraft runway building
train_328,aircraft runway building
train_329,aircraft runway building
train_330,aircraft runway building
train_331,aircraft runway building
train_332,aircraft runway building
train_333,aircraft runway building
train_334,aircraft runway building
train_335,aircraft runway building
train_336,aircraft runway building
train_337,aircraft runway building
train_338,aircraft runway building
train_339,aircraft runway building
train_340,aircraft runway building
train_341,aircraft runway
train_342,aircraft runway
train_343,aircraft runway
train_344,aircraft runway
train_345,aircraft runway
train_346,aircraft runway
train_347,aircraft runway
train_348,aircraft runway
train_349,aircraft runway
train_350,aircraft runway
train_351,aircraft runway
train_352,aircraft runway
train_353,aircraft runway
train_354,aircraft runway
train_355,aircraft runway
train_356,aircraft runway
train_357,aircraft runway
train_358,aircraft runway
train_359,aircraft runway
train_360,aircraft runway
train_361,aircraft runway
train_362,aircraft runway
train_363,aircraft runway
train_364,aircraft runway
train_365,aircraft runway
train_366,aircraft runway
train_367,aircraft runway
train_368,aircraft runway
train_369,aircraft runway
train_370,aircraft runway
train_371,aircraft runway building vehicle
train_372,aircraft runway building vehicle
train_373,aircraft runway building vehicle
train_374,aircraft runway building vehicle
train_375,aircraft runway building vehicle
train_376,aircraft runway building vehicle
train_377,aircraft runway building vehicle
train_378,aircraft runway building vehicle
train_379,aircraft runway building vehicle
train_380,aircraft runway building vehicle
train_381,aircraft runway building vehicle
train_382,aircraft runway building vehicle
train_383,aircraft runway building vehicle
train_384,aircraft runway building vehicle
train_385,aircraft runway building vehicle
train_386,aircraft runway building vehicle
train_387,aircraft runway building vehicle
train_388,aircraft runway building vehicle
train_389,aircraft runway building vehicle
train_390,aircraft runway building vehicle
train_391,aircraft runway building vehicle
train_392,aircraft runway building vehicle
train_393,aircraft runway building vehicle
train_394,aircraft runway building vehicle
train_395,aircraft runway building vehicle
train_396,aircraft runway building vehicle
train_397,aircraft runway building vehicle
train_398,aircraft runway building vehicle
train_399,aircraft runway building vehicle
train_400,aircraft runway building vehicle
train_401,aircraft runway building vehicle
train_402,aircraft runway building
train_403,aircraft runway building
train_404,aircraft runway building
train_405,aircraft runway building
train_406,aircraft runway building
train_407,aircraft runway building
train_408,aircraft runway building
train_409,aircraft runway building
train_410,aircraft runway building
train_411,aircraft runway building
train_412,aircraft runway building
train_413,aircraft runway building
train_414,aircraft runway building
train_415,aircraft runway building
train_416,aircraft runway building
train_417,aircraft runway building
train_418,aircraft runway building
train_419,aircraft runway building
train_420,aircraft runway building
train_421,aircraft runway building
train_422,aircraft runway building
train_423,aircraft runway building
train_424,aircraft runway building
train_425,aircraft runway building
train_426,aircraft runway building
train_427,aircraft runway building
train_428,aircraft runway building
train_429,aircraft runway building
train_430,aircraft runway building
train_431,aircraft runway building
train_432,aircraft runway building
train_433,aircraft runway building storage_tank
train_434,aircraft runway building storage_tank
train_435,aircraft runway building storage_tank
train_436,aircraft runway building storage_tank
train_437,aircraft runway building storage_tank
train_438,aircraft runway building storage_tank
train_439,aircraft runway building storage_tank
train_440,aircraft runway building storage_tank
train_441,aircraft runway building storage_tank
train_442,aircraft runway building storage_tank
train_443,aircraft runway building storage_tank
train_444,aircraft runway building storage_tank
train_445,aircraft runway building storage_tank
train_446,aircraft runway building storage_tank
train_447,aircraft runway building storage_tank
train_448,aircraft runway building storage_tank
train_449,aircraft runway building storage_tank
train_450,aircraft runway building storage_tank
train_451,aircraft runway building storage_tank
train_452,aircraft runway building storage_tank
train_453,aircraft runway building storage_tank
train_454,aircraft runway building storage_tank
train_455,aircraft runway building storage_tank
train_456,aircraft runway building storage_tank
train_457,aircraft runway building storage_tank
train_458,aircraft runway building storage_tank
train_459,aircraft runway building storage_tank
train_460,aircraft runway building storage_tank
train_461,aircraft runway building storage_tank
train_462,aircraft runway building storage_tank
train_463,aircraft runway building storage_tank
train_464,aircraft runway helicopter
train_465,aircraft runway helicopter
train_466,aircraft runway helicopter
train_467,aircraft runway helicopter
train_468,aircraft runway helicopter
train_469,aircraft runway helicopter
train_470,aircraft runway helicopter
train_471,aircraft runway helicopter
train_472,aircraft runway helicopter
train_473,aircraft runway helicopter
train_474,aircraft runway helicopter
train_475,aircraft runway helicopter
train_476,aircraft runway helicopter
train_477,aircraft runway helicopter
train_478,aircraft runway helicopter
train_479,aircraft runway helicopter
train_480,aircraft runway helicopter
train_481,aircraft runway helicopter
train_482,aircraft runway helicopter
train_483,aircraft runway helicopter
train_484,aircraft runway helicopter
train_485,aircraft runway helicopter
train_486,aircraft runway helicopter
train_487,aircraft runway helicopter
train_488,aircraft runway helicopter
train_489,aircraft runway helicopter
train_490,aircraft runway helicopter
train_491,aircraft runway helicopter
train_492,aircraft runway helicopter
train_493,aircraft runway helicopter
train_494,aircraft runway helicopter
train_495,aircraft runway 
train_496,aircraft runway 
train_497,aircraft runway 
train_498,aircraft runway 
train_499,aircraft runway 
train_500,aircraft runway 
train_501,aircraft runway 
train_502,aircraft runway 
train_503,aircraft runway 
train_504,aircraft runway 
train_505,aircraft runway 
train_506,aircraft runway 
train_507,aircraft runway 
train_508,aircraft runway 
train_509,aircraft runway 
train_510,aircraft runway 
train_511,aircraft runway 
train_512,aircraft runway 
train_513,aircraft runway 
train_514,aircraft runway 
train_515,aircraft runway 
train_516,aircraft runway 
train_517,aircraft runway 
train_518,aircraft runway 
train_519,aircraft runway 
train_520,aircraft runway 
train_521,aircraft runway 
train_522,aircraft runway 
train_523,aircraft runway 
train_524,aircraft runway 
train_525,aircraft runway 
train_526,sea ship karanchi building
train_527,sea ship karanchi building
train_528,sea ship karanchi building
train_529,sea ship karanchi building
train_530,sea ship karanchi building
train_531,sea ship karanchi building
train_532,sea ship karanchi building
train_533,sea ship karanchi building
train_534,sea ship karanchi building
train_535,sea ship karanchi building
train_536,sea ship karanchi building
train_537,sea ship karanchi building
train_538,sea ship karanchi building
train_539,sea ship karanchi building
train_540,sea ship karanchi building
train_541,sea ship karanchi building
train_542,sea ship karanchi building
train_543,sea ship karanchi building
train_544,sea ship karanchi building
train_545,sea ship karanchi building
train_546,sea ship karanchi building
train_547,sea ship karanchi building
train_548,sea ship karanchi building
train_549,sea ship karanchi building
train_550,sea ship karanchi building
train_551,sea ship karanchi building
train_552,sea ship karanchi building
train_553,sea ship karanchi building
train_554,sea ship karanchi building
train_555,sea ship karanchi building
train_556,sea ship karanchi building
train_557,building vehicle 
train_558,building vehicle 
train_559,building vehicle 
train_560,building vehicle 
train_561,building vehicle 
train_562,building vehicle 
train_563,building vehicle 
train_564,building vehicle 
train_565,building vehicle 
train_566,building vehicle 
train_567,building vehicle 
train_568,building vehicle 
train_569,building vehicle 
train_570,building vehicle 
train_571,building vehicle 
train_572,building vehicle 
train_573,building vehicle 
train_574,building vehicle 
train_575,building vehicle 
train_576,building vehicle 
train_577,building vehicle 
train_578,building vehicle 
train_579,building vehicle 
train_580,building vehicle 
train_581,building vehicle 
train_582,building vehicle 
train_583,building vehicle 
train_584,building vehicle 
train_585,building vehicle 
train_586,building vehicle 
train_587,building vehicle 
train_588,building vehicle road
train_589,building vehicle road
train_590,building vehicle road
train_591,building vehicle road
train_592,building vehicle road
train_593,building vehicle road
train_594,building vehicle road
train_595,building vehicle road
train_596,building vehicle road
train_597,building vehicle road
train_598,building vehicle road
train_599,building vehicle road
train_600,building vehicle road
train_601,building vehicle road
train_602,building vehicle road
train_603,building vehicle road
train_604,building vehicle road
train_605,building vehicle road
train_606,building vehicle road
train_607,building vehicle road
train_608,building vehicle road
train_609,building vehicle road
train_610,building vehicle road
train_611,building vehicle road
train_612,building vehicle road
train_613,building vehicle road
train_614,building vehicle road
train_615,building vehicle road
train_616,building vehicle road
train_617,building vehicle road
train_618,building vehicle road
train_619,sea ship karanchi building
train_620,sea ship karanchi building
train_621,sea ship karanchi building
train_622,sea ship karanchi building
train_623,sea ship karanchi building
train_624,sea ship karanchi building
train_625,sea ship karanchi building
train_626,sea ship karanchi building
train_627,sea ship karanchi building
train_628,sea ship karanchi building
train_629,sea ship karanchi building
train_630,sea ship karanchi building
train_631,sea ship karanchi building
train_632,sea ship karanchi building
train_633,sea ship karanchi building
train_634,sea ship karanchi building
train_635,sea ship karanchi building
train_636,sea ship karanchi building
train_637,sea ship karanchi building
train_638,sea ship karanchi building
train_639,sea ship karanchi building
train_640,sea ship karanchi building
train_641,sea ship karanchi building
train_642,sea ship karanchi building
train_643,sea ship karanchi building
train_644,sea ship karanchi building
train_645,sea ship karanchi building
train_646,sea ship karanchi building
train_647,sea ship karanchi building
train_648,sea ship karanchi building
train_649,sea ship karanchi building
